{
  "category": "General Knowledge",
  "questions": [
    {
      "question_text": "What is the largest planet in our solar system?",
      "answers": [
        "Earth",
        "Jupiter",
        "Saturn"
      ],
      "correct": 2
    },
    {
      "question_text": "Which organ in the human body is primarily responsible for filtering blood?",
      "answers": [
        "Lungs",
        "Kidneys",
        "Liver"
      ],
      "correct": 2
    },
    {
      "question_text": "What is the capital city of Australia?",
      "answers": [
        "Sydney",
        "Canberra",
        "Melbourne"
      ],
      "correct": 2
    },
    {
      "question_text": "Who wrote the famous novel '1984'?",
      "answers": [
        "J.K. Rowling",
        "George Orwell",
        "Aldous Huxley"
      ],
      "correct": 2
    },
    {
      "question_text": "Which element has the chemical symbol 'O'?",
      "answers": [
        "Oxygen",
        "Gold",
        "Hydrogen"
      ],
      "correct": 1
    },
    {
      "question_text": "Who painted the Mona Lisa?",
      "answers": [
        "Leonardo da Vinci",
        "Vincent van Gogh",
        "Pablo Picasso"
      ],
      "correct": 1
    },
    {
      "question_text": "What is the tallest mountain in the world?",
      "answers": [
        "Mount Everest",
        "K2",
        "Mount Kilimanjaro"
      ],
      "correct": 1
    },
    {
      "question_text": "Which country is famous for the Eiffel Tower?",
      "answers": [
        "France",
        "Italy",
        "Spain"
      ],
      "correct": 2
    },
    {
      "question_text": "What is the largest mammal in the world?",
      "answers": [
        "Elephant",
        "Blue Whale",
        "Giraffe"
      ],
      "correct": 2
    },
    {
      "question_text": "In what year did the Titanic sink?",
      "answers": [
        "1912",
        "1920",
        "1905"
      ],
      "correct": 1
    },
    {
      "question_text": "Which planet is closest to the sun?",
      "answers": [
        "Mercury",
        "Venus",
        "Earth"
      ],
      "correct": 1
    },
    {
      "question_text": "Who was the first President of the United States?",
      "answers": [
        "George Washington",
        "Abraham Lincoln",
        "John Adams"
      ],
      "correct": 1
    },
    {
      "question_text": "What is the capital city of Japan?",
      "answers": [
        "Tokyo",
        "Beijing",
        "Seoul"
      ],
      "correct": 1
    },
    {
      "question_text": "Which gas do plants absorb from the atmosphere?",
      "answers": [
        "Carbon Dioxide",
        "Oxygen",
        "Nitrogen"
      ],
      "correct": 1
    },
    {
      "question_text": "Who is the author of the Harry Potter series?",
      "answers": [
        "J.K. Rowling",
        "J.R.R. Tolkien",
        "George R.R. Martin"
      ],
      "correct": 1
    },
    {
      "question_text": "Which country hosted the 2016 Summer Olympics?",
      "answers": [
        "China",
        "Brazil",
        "Russia"
      ],
      "correct": 2
    },
    {
      "question_text": "What is the capital city of Italy?",
      "answers": [
        "Venice",
        "Rome",
        "Milan"
      ],
      "correct": 2
    },
    {
      "question_text": "Which is the smallest continent by land area?",
      "answers": [
        "Europe",
        "Australia",
        "Antarctica"
      ],
      "correct": 2
    },
    {
      "question_text": "What is the main ingredient in guacamole?",
      "answers": [
        "Tomato",
        "Avocado",
        "Pepper"
      ],
      "correct": 2
    },
    {
      "question_text": "Who was the first man to walk on the moon?",
      "answers": [
        "Neil Armstrong",
        "Buzz Aldrin",
        "Yuri Gagarin"
      ],
      "correct": 1
    },
    {
      "question_text": "What is the hardest natural substance on Earth?",
      "answers": [
        "Diamond",
        "Steel",
        "Gold"
      ],
      "correct": 1
    },
    {
      "question_text": "In which country can you visit Machu Picchu?",
      "answers": [
        "Brazil",
        "Peru",
        "Argentina"
      ],
      "correct": 2
    },
    {
      "question_text": "What does DNA stand for?",
      "answers": [
        "Deoxynucleic acid",
        "Deoxyribonucleic acid",
        "Disoxyribonucleic acid"
      ],
      "correct": 2
    },
    {
      "question_text": "Which planet is known as the 'Red Planet'?",
      "answers": [
        "Jupiter",
        "Saturn",
        "Mars"
      ],
      "correct": 3
    },
    {
      "question_text": "What is the national currency of Japan?",
      "answers": [
        "Won",
        "Yen",
        "Dollar"
      ],
      "correct": 2
    },
    {
      "question_text": "Who developed the theory of relativity?",
      "answers": [
        "Isaac Newton",
        "Nikola Tesla",
        "Albert Einstein"
      ],
      "correct": 3
    },
    {
      "question_text": "Which ocean is the largest?",
      "answers": [
        "Atlantic Ocean",
        "Pacific Ocean",
        "Indian Ocean"
      ],
      "correct": 2
    },
    {
      "question_text": "What is the capital city of Canada?",
      "answers": [
        "Toronto",
        "Ottawa",
        "Vancouver"
      ],
      "correct": 2
    },
    {
      "question_text": "Which year did World War II end?",
      "answers": [
        "1943",
        "1945",
        "1950"
      ],
      "correct": 2
    },
    {
      "question_text": "What is the largest desert in the world?",
      "answers": [
        "Sahara",
        "Gobi",
        "Kalahari"
      ],
      "correct": 1
    },
    {
      "question_text": "Who invented the telephone?",
      "answers": [
        "Thomas Edison",
        "Alexander Graham Bell",
        "Nikola Tesla"
      ],
      "correct": 2
    },
    {
      "question_text": "What is the fastest land animal?",
      "answers": [
        "Cheetah",
        "Lion",
        "Horse"
      ],
      "correct": 1
    },
    {
      "question_text": "What is the national sport of Japan?",
      "answers": [
        "Karate",
        "Sumo",
        "Judo"
      ],
      "correct": 2
    },
    {
      "question_text": "Which company is known for producing the iPhone?",
      "answers": [
        "Microsoft",
        "Apple",
        "Samsung"
      ],
      "correct": 2
    },
    {
      "question_text": "What is the currency of the United Kingdom?",
      "answers": [
        "Euro",
        "Pound Sterling",
        "Dollar"
      ],
      "correct": 2
    },
    {
      "question_text": "Which metal is the best conductor of electricity?",
      "answers": [
        "Gold",
        "Silver",
        "Copper"
      ],
      "correct": 2
    },
    {
      "question_text": "What is the largest bone in the human body?",
      "answers": [
        "Femur",
        "Humerus",
        "Tibia"
      ],
      "correct": 1
    },
    {
      "question_text": "Which planet is closest to Earth?",
      "answers": [
        "Mars",
        "Venus",
        "Jupiter"
      ],
      "correct": 2
    },
    {
      "question_text": "Who was the second President of the United States?",
      "answers": [
        "Thomas Jefferson",
        "James Madison",
        "John Adams"
      ],
      "correct": 3
    },
    {
      "question_text": "In which continent is the Amazon rainforest?",
      "answers": [
        "South America",
        "Africa",
        "Asia"
      ],
      "correct": 1
    },
    {
      "question_text": "Which artist painted the ceiling of the Sistine Chapel?",
      "answers": [
        "Leonardo da Vinci",
        "Michelangelo",
        "Raphael"
      ],
      "correct": 2
    },
    {
      "question_text": "Who was the first female Prime Minister of the United Kingdom?",
      "answers": [
        "Margaret Thatcher",
        "Theresa May",
        "Elizabeth II"
      ],
      "correct": 1
    },
    {
      "question_text": "Which country gifted the Statue of Liberty to the USA?",
      "answers": [
        "France",
        "Canada",
        "Germany"
      ],
      "correct": 1
    },
    {
      "question_text": "What is the longest river in the world?",
      "answers": [
        "Amazon",
        "Nile",
        "Yangtze"
      ],
      "correct": 2
    },
    {
      "question_text": "What is the capital of Russia?",
      "answers": [
        "St. Petersburg",
        "Moscow",
        "Novosibirsk"
      ],
      "correct": 2
    },
    {
      "question_text": "Which country invented the Olympic Games?",
      "answers": [
        "Greece",
        "Italy",
        "France"
      ],
      "correct": 1
    },
    {
      "question_text": "Who invented the lightbulb?",
      "answers": [
        "Thomas Edison",
        "Nikola Tesla",
        "Benjamin Franklin"
      ],
      "correct": 1
    },
    {
      "question_text": "What is the square root of 144?",
      "answers": [
        "10",
        "12",
        "14"
      ],
      "correct": 2
    },
    {
      "question_text": "What is the main ingredient in traditional hummus?",
      "answers": [
        "Peanuts",
        "Chickpeas",
        "Lentils"
      ],
      "correct": 2
    },
    {
      "question_text": "Who is known as the 'Father of Computers'?",
      "answers": [
        "Bill Gates",
        "Alan Turing",
        "Charles Babbage"
      ],
      "correct": 3
    },
    {
      "question_text": "In which country is the Taj Mahal located?",
      "answers": [
        "India",
        "Pakistan",
        "Nepal"
      ],
      "correct": 1
    },
    {
      "question_text": "How many sides does a hexagon have?",
      "answers": [
        "Six",
        "Five",
        "Eight"
      ],
      "correct": 1
    },
    {
      "question_text": "Which country is famous for pizza and pasta?",
      "answers": [
        "Italy",
        "Spain",
        "Mexico"
      ],
      "correct": 1
    },
    {
      "question_text": "What is the capital city of Germany?",
      "answers": [
        "Berlin",
        "Munich",
        "Frankfurt"
      ],
      "correct": 1
    },
    {
      "question_text": "Which planet is known for its rings?",
      "answers": [
        "Jupiter",
        "Saturn",
        "Neptune"
      ],
      "correct": 2
    },
    {
      "question_text": "Which famous scientist is known for his law of gravity?",
      "answers": [
        "Albert Einstein",
        "Isaac Newton",
        "Galileo Galilei"
      ],
      "correct": 2
    },
    {
      "question_text": "What is the smallest country in the world by land area?",
      "answers": [
        "Vatican City",
        "Monaco",
        "Malta"
      ],
      "correct": 1
    },
    {
      "question_text": "Which continent has the most countries?",
      "answers": [
        "Africa",
        "Asia",
        "Europe"
      ],
      "correct": 1
    },
    {
      "question_text": "Who is the author of 'Pride and Prejudice'?",
      "answers": [
        "Jane Austen",
        "Charles Dickens",
        "Emily Brontë"
      ],
      "correct": 1
    },
    {
      "question_text": "Which sport is often called the 'king of sports'?",
      "answers": [
        "Basketball",
        "Tennis",
        "Football (Soccer)"
      ],
      "correct": 3
    },
    {
      "question_text": "What is the name of the largest rainforest on Earth?",
      "answers": [
        "Amazon",
        "Congo",
        "Sundarbans"
      ],
      "correct": 1
    },
    {
      "question_text": "What is the capital city of Egypt?",
      "answers": [
        "Cairo",
        "Alexandria",
        "Luxor"
      ],
      "correct": 1
    },
    {
      "question_text": "Which language is the most spoken in the world?",
      "answers": [
        "Mandarin Chinese",
        "Spanish",
        "English"
      ],
      "correct": 1
    },
    {
      "question_text": "Which artist painted 'The Starry Night'?",
      "answers": [
        "Vincent van Gogh",
        "Claude Monet",
        "Pablo Picasso"
      ],
      "correct": 1
    },
    {
      "question_text": "What is the most abundant gas in the Earth's atmosphere?",
      "answers": [
        "Oxygen",
        "Nitrogen",
        "Carbon Dioxide"
      ],
      "correct": 2
    },
    {
      "question_text": "Which war was fought between the North and South regions in the United States?",
      "answers": [
        "The American Civil War",
        "World War I",
        "The Revolutionary War"
      ],
      "correct": 1
    },
    {
      "question_text": "Which year did man first land on the moon?",
      "answers": [
        "1965",
        "1969",
        "1972"
      ],
      "correct": 2
    },
    {
      "question_text": "What is the national flower of Japan?",
      "answers": [
        "Rose",
        "Cherry Blossom",
        "Lotus"
      ],
      "correct": 2
    },
    {
      "question_text": "Which Shakespeare play features the characters of Macbeth and Lady Macbeth?",
      "answers": [
        "Macbeth",
        "Hamlet",
        "Othello"
      ],
      "correct": 1
    },
    {
      "question_text": "What is the name of the galaxy that contains our Solar System?",
      "answers": [
        "Andromeda",
        "Milky Way",
        "Triangulum"
      ],
      "correct": 2
    },
    {
      "question_text": "Which company is known for its search engine and various tech products, such as Google?",
      "answers": [
        "Apple",
        "Microsoft",
        "Alphabet Inc."
      ],
      "correct": 3
    },
    {
      "question_text": "Which instrument is used to measure temperature?",
      "answers": [
        "Thermometer",
        "Barometer",
        "Altimeter"
      ],
      "correct": 1
    },
    {
      "question_text": "Which mammal is known to have the longest lifespan?",
      "answers": [
        "Elephant",
        "Bowhead Whale",
        "Gorilla"
      ],
      "correct": 2
    },
    {
      "question_text": "Which planet is the hottest in the solar system?",
      "answers": [
        "Venus",
        "Mercury",
        "Mars"
      ],
      "correct": 1
    },
    {
      "question_text": "Which river flows through Egypt?",
      "answers": [
        "Nile",
        "Amazon",
        "Ganges"
      ],
      "correct": 1
    },
    {
      "question_text": "Who wrote the novel 'Moby Dick'?",
      "answers": [
        "F. Scott Fitzgerald",
        "Herman Melville",
        "Mark Twain"
      ],
      "correct": 2
    },
    {
      "question_text": "What is the chemical symbol for Iron?",
      "answers": [
        "Ir",
        "Fe",
        "In"
      ],
      "correct": 2
    },
    {
      "question_text": "What is the most popular social media platform worldwide by number of active users?",
      "answers": [
        "Facebook",
        "Instagram",
        "Twitter/X"
      ],
      "correct": 1
    },
    {
      "question_text": "Who was the first woman to fly solo across the Atlantic Ocean?",
      "answers": [
        "Amelia Earhart",
        "Sally Ride",
        "Valentina Tereshkova"
      ],
      "correct": 1
    },
    {
      "question_text": "Which country produces the most coffee in the world?",
      "answers": [
        "Vietnam",
        "Brazil",
        "Colombia"
      ],
      "correct": 2
    },
    {
      "question_text": "Who wrote 'The Odyssey'?",
      "answers": [
        "Homer",
        "Sophocles",
        "Virgil"
      ],
      "correct": 1
    },
    {
      "question_text": "Which planet is known as the Earth's twin?",
      "answers": [
        "Venus",
        "Mars",
        "Jupiter"
      ],
      "correct": 1
    },
    {
      "question_text": "Which company is known for the technology of the iPhone and iPad?",
      "answers": [
        "Apple",
        "Samsung",
        "Google"
      ],
      "correct": 1
    },
    {
      "question_text": "What is the largest island in the world?",
      "answers": [
        "Madagascar",
        "Borneo",
        "Greenland"
      ],
      "correct": 3
    },
    {
      "question_text": "Which mountain is the tallest in North America?",
      "answers": [
        "Mount Whitney",
        "Denali (Mount McKinley)",
        "Mount Rainier"
      ],
      "correct": 2
    },
    {
      "question_text": "In what year did World War I begin?",
      "answers": [
        "1910",
        "1914",
        "1918"
      ],
      "correct": 2
    },
    {
      "question_text": "Who was the first woman to win a Nobel Prize?",
      "answers": [
        "Marie Curie",
        "Rosalind Franklin",
        "Ada Lovelace"
      ],
      "correct": 1
    },
    {
      "question_text": "Which country has the most natural lakes?",
      "answers": [
        "United States",
        "Russia",
        "Canada"
      ],
      "correct": 3
    },
    {
      "question_text": "What is the currency of India?",
      "answers": [
        "Taka",
        "Rupee",
        "Yen"
      ],
      "correct": 2
    },
    {
      "question_text": "What is the largest organ in the human body?",
      "answers": [
        "Skin",
        "Liver",
        "Heart"
      ],
      "correct": 1
    },
    {
      "question_text": "Which country is the largest producer of oil?",
      "answers": [
        "United States",
        "Russia",
        "Saudi Arabia"
      ],
      "correct": 3
    },
    {
      "question_text": "What is the chemical symbol for Sodium?",
      "answers": [
        "Na",
        "S",
        "So"
      ],
      "correct": 1
    },
    {
      "question_text": "Who was the first person to reach the South Pole?",
      "answers": [
        "Ernest Shackleton",
        "Roald Amundsen",
        "Robert Falcon Scott"
      ],
      "correct": 2
    },
    {
      "question_text": "What is the tallest waterfall in the world?",
      "answers": [
        "Niagara Falls",
        "Angel Falls",
        "Victoria Falls"
      ],
      "correct": 2
    },
    {
      "question_text": "What is the name of the ship that brought the Pilgrims to America?",
      "answers": [
        "Santa Maria",
        "Pinta",
        "Mayflower"
      ],
      "correct": 3
    },
    {
      "question_text": "Which planet has the shortest day?",
      "answers": [
        "Jupiter",
        "Earth",
        "Mars"
      ],
      "correct": 1
    },
    {
      "question_text": "What is the smallest country by population?",
      "answers": [
        "Monaco",
        "San Marino",
        "Vatican City"
      ],
      "correct": 3
    },
    {
      "question_text": "Which planet is known for having a Great Red Spot?",
      "answers": [
        "Jupiter",
        "Mars",
        "Saturn"
      ],
      "correct": 1
    },
    {
      "question_text": "Which Shakespeare play features the characters Rosencrantz and Guildenstern?",
      "answers": [
        "Hamlet",
        "Othello",
        "Macbeth"
      ],
      "correct": 1
    },
    {
      "question_text": "What is the capital of Finland?",
      "answers": [
        "Oslo",
        "Stockholm",
        "Helsinki"
      ],
      "correct": 3
    },
    {
      "question_text": "Who was the first President of South Africa after apartheid?",
      "answers": [
        "Nelson Mandela",
        "Desmond Tutu",
        "Jacob Zuma"
      ],
      "correct": 1
    },
    {
      "question_text": "Which war was fought between the British and the Zulus?",
      "answers": [
        "Boer War",
        "Anglo-Zulu War",
        "World War I"
      ],
      "correct": 2
    },
    {
      "question_text": "What is the official language of Brazil?",
      "answers": [
        "Portuguese",
        "Spanish",
        "French"
      ],
      "correct": 1
    },
    {
      "question_text": "Who is credited with discovering electricity?",
      "answers": [
        "Benjamin Franklin",
        "Nikola Tesla",
        "Isaac Newton"
      ],
      "correct": 1
    },
    {
      "question_text": "Which is the only country to have a building on every continent?",
      "answers": [
        "United States",
        "China",
        "Russia"
      ],
      "correct": 1
    },
    {
      "question_text": "Which artist painted the 'Girl with a Pearl Earring'?",
      "answers": [
        "Rembrandt",
        "Johannes Vermeer",
        "Edvard Munch"
      ],
      "correct": 2
    },
    {
      "question_text": "What is the official name of the Big Ben tower?",
      "answers": [
        "Tower of London",
        "Elizabeth Tower",
        "Windsor Tower"
      ],
      "correct": 2
    },
    {
      "question_text": "Which river runs through Paris?",
      "answers": [
        "Seine",
        "Thames",
        "Danube"
      ],
      "correct": 1
    },
    {
      "question_text": "What is the hardest rock type?",
      "answers": [
        "Granite",
        "Diamond",
        "Marble"
      ],
      "correct": 2
    },
    {
      "question_text": "Who directed the movie 'Inception'?",
      "answers": [
        "Steven Spielberg",
        "Christopher Nolan",
        "James Cameron"
      ],
      "correct": 2
    },
    {
      "question_text": "Who invented the World Wide Web?",
      "answers": [
        "Tim Berners-Lee",
        "Bill Gates",
        "Steve Jobs"
      ],
      "correct": 1
    },
    {
      "question_text": "Which U.S. state is known as the 'Sunshine State'?",
      "answers": [
        "California",
        "Florida",
        "Arizona"
      ],
      "correct": 2
    },
    {
      "question_text": "Who developed the polio vaccine?",
      "answers": [
        "Alexander Fleming",
        "Jonas Salk",
        "Louis Pasteur"
      ],
      "correct": 2
    },
    {
      "question_text": "Which country has the most UNESCO World Heritage sites?",
      "answers": [
        "Italy",
        "China",
        "India"
      ],
      "correct": 1
    },
    {
      "question_text": "Who is the longest reigning British monarch?",
      "answers": [
        "Queen Victoria",
        "King George VI",
        "Queen Elizabeth II"
      ],
      "correct": 3
    },
    {
      "question_text": "What is the most populous city in the world?",
      "answers": [
        "New York City",
        "Tokyo",
        "Shanghai"
      ],
      "correct": 3
    },
    {
      "question_text": "Which ancient civilization built the pyramids?",
      "answers": [
        "Egyptian",
        "Mayan",
        "Greek"
      ],
      "correct": 1
    },
    {
      "question_text": "Which element has the atomic number 1?",
      "answers": [
        "Hydrogen",
        "Helium",
        "Oxygen"
      ],
      "correct": 1
    },
    {
      "question_text": "What is the official language of Egypt?",
      "answers": [
        "French",
        "Arabic",
        "Turkish"
      ],
      "correct": 2
    },
    {
      "question_text": "What is the coldest place on Earth?",
      "answers": [
        "Antarctica",
        "Siberia",
        "Greenland"
      ],
      "correct": 1
    },
    {
      "question_text": "What is the smallest breed of dog?",
      "answers": [
        "Chihuahua",
        "Pomeranian",
        "Shih Tzu"
      ],
      "correct": 1
    },
    {
      "question_text": "Which country was the first to send a human into space?",
      "answers": [
        "United States",
        "Soviet Union",
        "China"
      ],
      "correct": 2
    },
    {
      "question_text": "Who is known as the 'Father of Modern Physics'?",
      "answers": [
        "Albert Einstein",
        "Galileo Galilei",
        "Isaac Newton"
      ],
      "correct": 2
    },
    {
      "question_text": "What is the main ingredient in chocolate?",
      "answers": [
        "Vanilla",
        "Cocoa",
        "Sugar"
      ],
      "correct": 2
    },
    {
      "question_text": "What is the highest mountain in Africa?",
      "answers": [
        "Mount Kenya",
        "Mount Meru",
        "Mount Kilimanjaro"
      ],
      "correct": 3
    },
    {
      "question_text": "Which animal is the largest land predator?",
      "answers": [
        "Tiger",
        "Polar Bear",
        "Lion"
      ],
      "correct": 2
    },
    {
      "question_text": "Which U.S. state is known as the 'Empire State'?",
      "answers": [
        "New York",
        "California",
        "Texas"
      ],
      "correct": 1
    },
    {
      "question_text": "What is the longest river in the United States?",
      "answers": [
        "Missouri River",
        "Mississippi River",
        "Colorado River"
      ],
      "correct": 1
    },
    {
      "question_text": "Which city is home to the Colosseum?",
      "answers": [
        "Athens",
        "Naples",
        "Rome"
      ],
      "correct": 3
    },
    {
      "question_text": "Which is the most spoken language in South America?",
      "answers": [
        "Spanish",
        "Portuguese",
        "English"
      ],
      "correct": 1
    },
    {
      "question_text": "What is the largest island in the Mediterranean Sea?",
      "answers": [
        "Corsica",
        "Sardinia",
        "Sicily"
      ],
      "correct": 3
    },
    {
      "question_text": "Which fruit is traditionally used to make wine?",
      "answers": [
        "Grapes",
        "Apples",
        "Pineapples"
      ],
      "correct": 1
    },
    {
      "question_text": "What is the national sport of Canada?",
      "answers": [
        "Ice Hockey",
        "Basketball",
        "Football"
      ],
      "correct": 1
    },
    {
      "question_text": "Who holds the Guinness World Record for the longest novel ever written?",
      "answers": [
        "Marcel Proust",
        "Charles Dickens",
        "Leo Tolstoy"
      ],
      "correct": 1
    },
    {
      "question_text": "Which two countries own the Virgin Islands?",
      "answers": [
        "US and UK",
        "France and UK",
        "Netherlands and UK"
      ],
      "correct": 1
    },
    {
      "question_text": "What word appears in the title of over 200 novels by Barbara Cartland?",
      "answers": [
        "Pink",
        "Love",
        "Desire"
      ],
      "correct": 2
    },
    {
      "question_text": "British Summer Time begins on the last Sunday in which month?",
      "answers": [
        "March",
        "April",
        "May"
      ],
      "correct": 1
    },
    {
      "question_text": "According to the title of the 2017 film, the sequel to Blade Runner is set in what year?",
      "answers": [
        "2019",
        "2049",
        "2099"
      ],
      "correct": 2
    },
    {
      "question_text": "Complete the title of the Alan Rickman film: Truly, Madly... what?",
      "answers": [
        "Fully",
        "Deeply",
        "Sorry"
      ],
      "correct": 2
    },
    {
      "question_text": "A nocturne is usually played on what musical instrument?",
      "answers": [
        "Piano",
        "Guitar",
        "Violin"
      ],
      "correct": 1
    }
  ]
}